address,label,source,source_file
0x007d42b9192b8c087b0d3e6ef73aae48e74b41c1,1,blockchain_unica_ethereum_ponzi,ethereum-ponzi-master/ponzi-addresses.csv
0x02b2101903eb6a51518e63e84b785180859fda9d,1,blockchain_unica_ethereum_ponzi,ethereum-ponzi-master/ponzi-addresses.csv
0x0389a06b028526b05966c287370bebefa0082176,1,blockchain_unica_ethereum_ponzi,ethereum-ponzi-master/ponzi-addresses.csv
0x0444f06a52320af2df7e60d1923080002838ce93,1,blockchain_unica_ethereum_ponzi,ethereum-ponzi-master/ponzi-addresses.csv
0x062524205ca7ecf27f4a851edec93c7ad72f427b,1,blockchain_unica_ethereum_ponzi,ethereum-ponzi-master/ponzi-addresses.csv
0x09515cb5e3acaef239ab83d78b2f3e3764fcab9b,1,blockchain_unica_ethereum_ponzi,ethereum-ponzi-master/ponzi-addresses.csv
0x0b230b071008bbb145b5bff27db01c9248f486b9,1,blockchain_unica_ethereum_ponzi,ethereum-ponzi-master/ponzi-addresses.csv
0x0d5919572552c6c8c752aa402bd033f2b2886bbc,1,blockchain_unica_ethereum_ponzi,ethereum-ponzi-master/ponzi-addresses.csv
0x0ec3cd77dbc5b512b5f9e45578813e1dbbcda719,1,blockchain_unica_ethereum_ponzi,ethereum-ponzi-master/ponzi-addresses.csv
0x0f170120733474c6ec7daf6ae6aeeeb8b645e92c,1,blockchain_unica_ethereum_ponzi,ethereum-ponzi-master/ponzi-addresses.csv
0x0f26c26318872e8fa85dee5d30cba45ed53b3d3e,1,blockchain_unica_ethereum_ponzi,ethereum-ponzi-master/ponzi-addresses.csv
0x109c4f2ccc82c4d77bde15f306707320294aea3f,1,blockchain_unica_ethereum_ponzi,ethereum-ponzi-master/ponzi-addresses.csv
0x1213c29b5e1a6f33e0d044f850a57b665e3cde21,1,blockchain_unica_ethereum_ponzi,ethereum-ponzi-master/ponzi-addresses.csv
0x1368e088682b3ea455c4856297365542ca6828d8,1,blockchain_unica_ethereum_ponzi,ethereum-ponzi-master/ponzi-addresses.csv
0x143e8bd26d95b230680c25300f93ef56f86eccac,1,blockchain_unica_ethereum_ponzi,ethereum-ponzi-master/ponzi-addresses.csv
0x1492cdd605d91658f228eab14d8444b60e6da8df,1,blockchain_unica_ethereum_ponzi,ethereum-ponzi-master/ponzi-addresses.csv
0x14d7a3f1767b94b366ba29b4f774588459359f27,1,blockchain_unica_ethereum_ponzi,ethereum-ponzi-master/ponzi-addresses.csv
0x15d03b33f8abd63059655b98c586f975ffc63401,1,blockchain_unica_ethereum_ponzi,ethereum-ponzi-master/ponzi-addresses.csv
0x16a4ff536001405f2b0d7ddafc79f6a10d024640,1,blockchain_unica_ethereum_ponzi,ethereum-ponzi-master/ponzi-addresses.csv
0x19a6067538c90973ef5dc31ded5fa567f3d09059,1,blockchain_unica_ethereum_ponzi,ethereum-ponzi-master/ponzi-addresses.csv
0x1afd952269873fe009c7bdff5f07fd91605a7227,1,blockchain_unica_ethereum_ponzi,ethereum-ponzi-master/ponzi-addresses.csv
0x1bb6123913d0b48948de38c3b75fd3eb3b4fe7e3,1,blockchain_unica_ethereum_ponzi,ethereum-ponzi-master/ponzi-addresses.csv
0x1ce7986760ade2bf0f322f5ef39ce0de3bd0c82b,1,blockchain_unica_ethereum_ponzi,ethereum-ponzi-master/ponzi-addresses.csv
0x1ff3f56609d0771abb49566600febade0e708beb,1,blockchain_unica_ethereum_ponzi,ethereum-ponzi-master/ponzi-addresses.csv
0x21905ebd9e1f9587c7b3685d424679f16cccbb58,1,blockchain_unica_ethereum_ponzi,ethereum-ponzi-master/ponzi-addresses.csv
0x245233bc8604d2097bfcbf3338959c46da04d9e0,1,blockchain_unica_ethereum_ponzi,ethereum-ponzi-master/ponzi-addresses.csv
0x2464d1d97f8d0180cfad67bdb19bc30cca69dda0,1,blockchain_unica_ethereum_ponzi,ethereum-ponzi-master/ponzi-addresses.csv
0x24ec083b6a022099003e3d035fed48b9a58296e5,1,blockchain_unica_ethereum_ponzi,ethereum-ponzi-master/ponzi-addresses.csv
0x258d778e4771893758dfd3e7dd1678229320eeb5,1,blockchain_unica_ethereum_ponzi,ethereum-ponzi-master/ponzi-addresses.csv
0x26bad8baf94001cd778731f8fd84b6cb01859748,1,blockchain_unica_ethereum_ponzi,ethereum-ponzi-master/ponzi-addresses.csv
0x26c4e381ffbdc825be9b986c3ba40525f0771e8d,1,blockchain_unica_ethereum_ponzi,ethereum-ponzi-master/ponzi-addresses.csv
0x275498d1fb7ffb5b521f89b23c84224af9f96ea6,1,blockchain_unica_ethereum_ponzi,ethereum-ponzi-master/ponzi-addresses.csv
0x294308484f47ff5a833a284ac6949eb02728fbe4,1,blockchain_unica_ethereum_ponzi,ethereum-ponzi-master/ponzi-addresses.csv
0x2a53f42ad8bba138c21b50a4e5711f18381a61e9,1,blockchain_unica_ethereum_ponzi,ethereum-ponzi-master/ponzi-addresses.csv
0x303e50180fe5794ba066e227f376b22341aad497,1,blockchain_unica_ethereum_ponzi,ethereum-ponzi-master/ponzi-addresses.csv
0x316201f586706aaa2795bc2a3f0bad2379c363e4,1,blockchain_unica_ethereum_ponzi,ethereum-ponzi-master/ponzi-addresses.csv
0x3325439082ff8ba7371dfdaa1af297bbfcac21b2,1,blockchain_unica_ethereum_ponzi,ethereum-ponzi-master/ponzi-addresses.csv
0x37b53b46fa74ac3f9b4340dc5a39aabb0f2afa33,1,blockchain_unica_ethereum_ponzi,ethereum-ponzi-master/ponzi-addresses.csv
0x3ab274f835d1939d20d0bbb72a1fb513d7a7a675,1,blockchain_unica_ethereum_ponzi,ethereum-ponzi-master/ponzi-addresses.csv
0x3ae8b3ae07cb09f4ca2b6250eec03d016017755e,1,blockchain_unica_ethereum_ponzi,ethereum-ponzi-master/ponzi-addresses.csv
0x3e84512f277a5081b9209831c51bce665035d9db,1,blockchain_unica_ethereum_ponzi,ethereum-ponzi-master/ponzi-addresses.csv
0x4028b9672bfd71ba2fcd97a6c82e06f72eaa14ba,1,blockchain_unica_ethereum_ponzi,ethereum-ponzi-master/ponzi-addresses.csv
0x40b88bbd78cb0441259de7a7d608a39b7388369a,1,blockchain_unica_ethereum_ponzi,ethereum-ponzi-master/ponzi-addresses.csv
0x41f2d5040726c5328f8366f17041ec012ac8f338,1,blockchain_unica_ethereum_ponzi,ethereum-ponzi-master/ponzi-addresses.csv
0x4229a873bbd207deef8f41e807e563c26033d118,1,blockchain_unica_ethereum_ponzi,ethereum-ponzi-master/ponzi-addresses.csv
0x422f8015c5d8168edee923749701360a8a4d0703,1,blockchain_unica_ethereum_ponzi,ethereum-ponzi-master/ponzi-addresses.csv
0x428da5ff72d8be0efaa85336b6c6a9fc9e0f73fe,1,blockchain_unica_ethereum_ponzi,ethereum-ponzi-master/ponzi-addresses.csv
0x4398a4a10347d8f18029c07853a7a689eebbb925,1,blockchain_unica_ethereum_ponzi,ethereum-ponzi-master/ponzi-addresses.csv
0x43bbc7fafb860d974037b8f7dd06b6f6fe799b3e,1,blockchain_unica_ethereum_ponzi,ethereum-ponzi-master/ponzi-addresses.csv
0x43e49c79172a1be3ebb4240da727c0da0fa5d233,1,blockchain_unica_ethereum_ponzi,ethereum-ponzi-master/ponzi-addresses.csv
0x446d1696a5527018453cda3d67aa4c2cd189b9f6,1,blockchain_unica_ethereum_ponzi,ethereum-ponzi-master/ponzi-addresses.csv
0x4668cd871eba35997e1fbe66d0eddf6612d018ce,1,blockchain_unica_ethereum_ponzi,ethereum-ponzi-master/ponzi-addresses.csv
0x4865e85c72a27ca6c362da75ba6707c07464b953,1,blockchain_unica_ethereum_ponzi,ethereum-ponzi-master/ponzi-addresses.csv
0x496a84aeaa78f6fc8ed458904d7f2d52b222e823,1,blockchain_unica_ethereum_ponzi,ethereum-ponzi-master/ponzi-addresses.csv
0x49c3019b7a83b3c77a823255533975969027308d,1,blockchain_unica_ethereum_ponzi,ethereum-ponzi-master/ponzi-addresses.csv
0x49f053b866c33185fa1151e71fc80d5fe6b08a92,1,blockchain_unica_ethereum_ponzi,ethereum-ponzi-master/ponzi-addresses.csv
0x4fb663c1616bfe80b5b6d5a214efa81d5a121801,1,blockchain_unica_ethereum_ponzi,ethereum-ponzi-master/ponzi-addresses.csv
0x51170b18bca7896b49c52dcc18e66e5c921e100f,1,blockchain_unica_ethereum_ponzi,ethereum-ponzi-master/ponzi-addresses.csv
0x5158cf97c3e001b402ccb0f9063736ee8d6dad5a,1,blockchain_unica_ethereum_ponzi,ethereum-ponzi-master/ponzi-addresses.csv
0x55d035ba1f4ae932cf98125b93d830d9858cd39f,1,blockchain_unica_ethereum_ponzi,ethereum-ponzi-master/ponzi-addresses.csv
0x56467e038871dc7f2a6180cdebe1702cef77285f,1,blockchain_unica_ethereum_ponzi,ethereum-ponzi-master/ponzi-addresses.csv
0x5a437d94843541d5cb83221a4a4b253de30b97b7,1,blockchain_unica_ethereum_ponzi,ethereum-ponzi-master/ponzi-addresses.csv
0x5c3578f62ccd0b126214daa589ca11c7dc681acf,1,blockchain_unica_ethereum_ponzi,ethereum-ponzi-master/ponzi-addresses.csv
0x5e84c1a6e8b7cd42041004de5cd911d537c5c007,1,blockchain_unica_ethereum_ponzi,ethereum-ponzi-master/ponzi-addresses.csv
0x5eabae401202b9ed9e5dfbbe2d67860361eb0a9d,1,blockchain_unica_ethereum_ponzi,ethereum-ponzi-master/ponzi-addresses.csv
0x60acd43314d93f38507f3fd12e84225a5a099229,1,blockchain_unica_ethereum_ponzi,ethereum-ponzi-master/ponzi-addresses.csv
0x6492904953ed9015d6b37f8063b65c8de105d837,1,blockchain_unica_ethereum_ponzi,ethereum-ponzi-master/ponzi-addresses.csv
0x6846b938f9be9f1eeeb9bfd853636c805f8f54d3,1,blockchain_unica_ethereum_ponzi,ethereum-ponzi-master/ponzi-addresses.csv
0x687a241422c92e3d15ce6a02c832f800b74c8b3c,1,blockchain_unica_ethereum_ponzi,ethereum-ponzi-master/ponzi-addresses.csv
0x6adf9e666e3e85876b1ba25edb31799faad8417b,1,blockchain_unica_ethereum_ponzi,ethereum-ponzi-master/ponzi-addresses.csv
0x6b62497fc36e1f47c4c2d9f29fdf28cc3ebed72d,1,blockchain_unica_ethereum_ponzi,ethereum-ponzi-master/ponzi-addresses.csv
0x7011f3edc7fa43c81440f9f43a6458174113b162,1,blockchain_unica_ethereum_ponzi,ethereum-ponzi-master/ponzi-addresses.csv
0x723dff0e27cc38b80556f5e05dfdbdcb721654d7,1,blockchain_unica_ethereum_ponzi,ethereum-ponzi-master/ponzi-addresses.csv
0x750241c16c9fb878a7afd2b07b80f53e02c3f634,1,blockchain_unica_ethereum_ponzi,ethereum-ponzi-master/ponzi-addresses.csv
0x75aa81161e07483f6ca199fef46c13eb13d190be,1,blockchain_unica_ethereum_ponzi,ethereum-ponzi-master/ponzi-addresses.csv
0x772cba2f87f92e95bb8ffa96187bbedebbb484d3,1,blockchain_unica_ethereum_ponzi,ethereum-ponzi-master/ponzi-addresses.csv
0x787e3cef5edd94089ab3988775fcb24a1582b38f,1,blockchain_unica_ethereum_ponzi,ethereum-ponzi-master/ponzi-addresses.csv
0x7894ccf2997c8c89a80b86faa012d09d53ed48b9,1,blockchain_unica_ethereum_ponzi,ethereum-ponzi-master/ponzi-addresses.csv
0x79280ded572a0a7dfd31dfcc5baef3121ef0fee6,1,blockchain_unica_ethereum_ponzi,ethereum-ponzi-master/ponzi-addresses.csv
0x79c039d075bc3b86a7df63ebbe55fbc642b5220f,1,blockchain_unica_ethereum_ponzi,ethereum-ponzi-master/ponzi-addresses.csv
0x7d3ae940eb73dc9131758ad2e326c7d863b0916a,1,blockchain_unica_ethereum_ponzi,ethereum-ponzi-master/ponzi-addresses.csv
0x7d56485e026d5d3881f778e99969d2b1f90c50af,1,blockchain_unica_ethereum_ponzi,ethereum-ponzi-master/ponzi-addresses.csv
0x7fcc7ed28c99f64f721be410ad816247925aade8,1,blockchain_unica_ethereum_ponzi,ethereum-ponzi-master/ponzi-addresses.csv
0x7fd6d3537b39842cfe16e813851296d4745b51a7,1,blockchain_unica_ethereum_ponzi,ethereum-ponzi-master/ponzi-addresses.csv
0x80d9c4f6209044de069c545f68644419b520a02f,1,blockchain_unica_ethereum_ponzi,ethereum-ponzi-master/ponzi-addresses.csv
0x8153510d6b4205ae9fa956b1a3012922ded49350,1,blockchain_unica_ethereum_ponzi,ethereum-ponzi-master/ponzi-addresses.csv
0x827ce5d8943d69c8538cd5662daf72be52176ed6,1,blockchain_unica_ethereum_ponzi,ethereum-ponzi-master/ponzi-addresses.csv
0x83651a62b632c261442f396ad7202fe2a4995e3a,1,blockchain_unica_ethereum_ponzi,ethereum-ponzi-master/ponzi-addresses.csv
0x85c84c949b1c29c85b777f2873a19450dbb1a057,1,blockchain_unica_ethereum_ponzi,ethereum-ponzi-master/ponzi-addresses.csv
0x870fe80e76dae4a4c12690dec52456ab13176202,1,blockchain_unica_ethereum_ponzi,ethereum-ponzi-master/ponzi-addresses.csv
0x89c2352cb600df56fe4bfb5882caadef3e96213f,1,blockchain_unica_ethereum_ponzi,ethereum-ponzi-master/ponzi-addresses.csv
0x8d734806913e445ee1be523aa0e84e4664fff481,1,blockchain_unica_ethereum_ponzi,ethereum-ponzi-master/ponzi-addresses.csv
0x8e66ffe69b3f8d78f2a696e40c02f7454c0a01d9,1,blockchain_unica_ethereum_ponzi,ethereum-ponzi-master/ponzi-addresses.csv
0x8ea6c8077d6316b46e449aec8fb60a606cf50eea,1,blockchain_unica_ethereum_ponzi,ethereum-ponzi-master/ponzi-addresses.csv
0x8f13a1d43408b6434dd10e161361386f3952d665,1,blockchain_unica_ethereum_ponzi,ethereum-ponzi-master/ponzi-addresses.csv
0x9758da9b4d001ed2d0df46d25069edf53750767a,1,blockchain_unica_ethereum_ponzi,ethereum-ponzi-master/ponzi-addresses.csv
0x99925cc9a57f5e473ff22314cfe0627a0bfcceb4,1,blockchain_unica_ethereum_ponzi,ethereum-ponzi-master/ponzi-addresses.csv
0x99d982e49bcb5465a6b4c1e0ec4341c912d9ba42,1,blockchain_unica_ethereum_ponzi,ethereum-ponzi-master/ponzi-addresses.csv
0x9d31ff892f984a83e8b342a5ece8e8911ed909e0,1,blockchain_unica_ethereum_ponzi,ethereum-ponzi-master/ponzi-addresses.csv
0x9d3899df1d9f030a32dd5571fe3c7ef72d6ae566,1,blockchain_unica_ethereum_ponzi,ethereum-ponzi-master/ponzi-addresses.csv
0x9d5bdaa9d82782c03402dd5c675ae3e45b3102e2,1,blockchain_unica_ethereum_ponzi,ethereum-ponzi-master/ponzi-addresses.csv
0x9da7902394fb19ddd340d47398d35e3405bf79ec,1,blockchain_unica_ethereum_ponzi,ethereum-ponzi-master/ponzi-addresses.csv
0x9e2a68ed6b854e2e55433b5ec8f471c7b274df51,1,blockchain_unica_ethereum_ponzi,ethereum-ponzi-master/ponzi-addresses.csv
0x9f1d916a456b96146e9f0dbbd0e107a1f389a061,1,blockchain_unica_ethereum_ponzi,ethereum-ponzi-master/ponzi-addresses.csv
0xa0285193e366a634fd9639d650b2115d77681a37,1,blockchain_unica_ethereum_ponzi,ethereum-ponzi-master/ponzi-addresses.csv
0xa0f9fb2170dc2d181ef8aaf3571dc441813e0154,1,blockchain_unica_ethereum_ponzi,ethereum-ponzi-master/ponzi-addresses.csv
0xa259e6bcade86c770cb5214c789ee107662831a6,1,blockchain_unica_ethereum_ponzi,ethereum-ponzi-master/ponzi-addresses.csv
0xa26b0a2fc7702ac3cdd4d578df7ef87ecf17908e,1,blockchain_unica_ethereum_ponzi,ethereum-ponzi-master/ponzi-addresses.csv
0xa379bbdd0af814502eb9b38d475c7fa7411bb4ec,1,blockchain_unica_ethereum_ponzi,ethereum-ponzi-master/ponzi-addresses.csv
0xa39fcb48adf288f143459d57a1a0756718c919ae,1,blockchain_unica_ethereum_ponzi,ethereum-ponzi-master/ponzi-addresses.csv
0xa502f8112b2491718855f01a01a60462cc97a0d5,1,blockchain_unica_ethereum_ponzi,ethereum-ponzi-master/ponzi-addresses.csv
0xa7481af3bbc9d902c02f58204c5683052de53330,1,blockchain_unica_ethereum_ponzi,ethereum-ponzi-master/ponzi-addresses.csv
0xa83c4a6d0418074655bdbe74fed8435c46c19f66,1,blockchain_unica_ethereum_ponzi,ethereum-ponzi-master/ponzi-addresses.csv
0xa850e6f693b9bcb31df3ee44e7888ef19e608107,1,blockchain_unica_ethereum_ponzi,ethereum-ponzi-master/ponzi-addresses.csv
0xa864694cacdf27900afb3c32b1b07aea3c465dde,1,blockchain_unica_ethereum_ponzi,ethereum-ponzi-master/ponzi-addresses.csv
0xa90be2201bfed97587a2a17949e8624eafe51d13,1,blockchain_unica_ethereum_ponzi,ethereum-ponzi-master/ponzi-addresses.csv
0xa9e4e3b1da2462752aea980698c335e70e9ab26c,1,blockchain_unica_ethereum_ponzi,ethereum-ponzi-master/ponzi-addresses.csv
0xa9fa83d31ff1cfd14b7f9d17f02e48dcfd9cb0cb,1,blockchain_unica_ethereum_ponzi,ethereum-ponzi-master/ponzi-addresses.csv
0xab7689c7be6d9b5428d6bf4c536dc699fc919260,1,blockchain_unica_ethereum_ponzi,ethereum-ponzi-master/ponzi-addresses.csv
0xac2bb751cd9528ffbcfdbbd976b906baed792a56,1,blockchain_unica_ethereum_ponzi,ethereum-ponzi-master/ponzi-addresses.csv
0xadd6f226b34957a8f59a5be195560b96323c74c7,1,blockchain_unica_ethereum_ponzi,ethereum-ponzi-master/ponzi-addresses.csv
0xb1d58bad78f33892719cdeba218f8641a71a3f05,1,blockchain_unica_ethereum_ponzi,ethereum-ponzi-master/ponzi-addresses.csv
0xb336a86e2feb1e87a328fcb7dd4d04de3df254d0,1,blockchain_unica_ethereum_ponzi,ethereum-ponzi-master/ponzi-addresses.csv
0xb5aff01f3e820735fac9abb594dc9993cb9e5bd2,1,blockchain_unica_ethereum_ponzi,ethereum-ponzi-master/ponzi-addresses.csv
0xba3048b17d1e8c1412ea29af9af795786065b5f9,1,blockchain_unica_ethereum_ponzi,ethereum-ponzi-master/ponzi-addresses.csv
0xba6284ca128d72b25f1353fadd06aa145d9095af,1,blockchain_unica_ethereum_ponzi,ethereum-ponzi-master/ponzi-addresses.csv
0xba69e7c96e9541863f009e713caf26d4ad2241a0,1,blockchain_unica_ethereum_ponzi,ethereum-ponzi-master/ponzi-addresses.csv
0xbb9854bfd082c48b4d426ac6a2a152b01326f46f,1,blockchain_unica_ethereum_ponzi,ethereum-ponzi-master/ponzi-addresses.csv
0xbe181da06d93867af0a3ffadcebe345ec35dae4e,1,blockchain_unica_ethereum_ponzi,ethereum-ponzi-master/ponzi-addresses.csv
0xbe46324018124b2d604c2f3eae91d3de9b388b09,1,blockchain_unica_ethereum_ponzi,ethereum-ponzi-master/ponzi-addresses.csv
0xc07ec6b6e3783b6855d000e104e44b3f86bbfc22,1,blockchain_unica_ethereum_ponzi,ethereum-ponzi-master/ponzi-addresses.csv
0xc11705a782e1a4c4db0a5b9ee22ce7554dd5e8e1,1,blockchain_unica_ethereum_ponzi,ethereum-ponzi-master/ponzi-addresses.csv
0xc1824278b767d9efb304c63128b1a92babc3fa4b,1,blockchain_unica_ethereum_ponzi,ethereum-ponzi-master/ponzi-addresses.csv
0xc2b9e4826a426a071254ccc40261299740c02b2c,1,blockchain_unica_ethereum_ponzi,ethereum-ponzi-master/ponzi-addresses.csv
0xc305b6401643b63dd9d74040bb16bb5c8bbbaa88,1,blockchain_unica_ethereum_ponzi,ethereum-ponzi-master/ponzi-addresses.csv
0xc357a046c5c13bb4e6d918a208b8b4a0ab2f2efd,1,blockchain_unica_ethereum_ponzi,ethereum-ponzi-master/ponzi-addresses.csv
0xc58492b3b14f658adff566c988029308505f81b5,1,blockchain_unica_ethereum_ponzi,ethereum-ponzi-master/ponzi-addresses.csv
0xc99b3615724b7c4d3e4b348cfc8a25b9e2133828,1,blockchain_unica_ethereum_ponzi,ethereum-ponzi-master/ponzi-addresses.csv
0xca7c390f8f843a8c3036841fde755e5d0acb97da,1,blockchain_unica_ethereum_ponzi,ethereum-ponzi-master/ponzi-addresses.csv
0xcaaca224e35d0a1fa3304a3c4ec8beb5f28a99aa,1,blockchain_unica_ethereum_ponzi,ethereum-ponzi-master/ponzi-addresses.csv
0xcac337492149bdb66b088bf5914bedfbf78ccc18,1,blockchain_unica_ethereum_ponzi,ethereum-ponzi-master/ponzi-addresses.csv
0xcd6608b1291d4307652592c29bff7d51f1ad83d7,1,blockchain_unica_ethereum_ponzi,ethereum-ponzi-master/ponzi-addresses.csv
0xcff9cb72d19c10df754ae7be6d280e379cdb2354,1,blockchain_unica_ethereum_ponzi,ethereum-ponzi-master/ponzi-addresses.csv
0xd0e614953de3dd3d4816b195d261769efd880a50,1,blockchain_unica_ethereum_ponzi,ethereum-ponzi-master/ponzi-addresses.csv
0xd12d8f8dfa54f1578b2177f99b2e282367b66b13,1,blockchain_unica_ethereum_ponzi,ethereum-ponzi-master/ponzi-addresses.csv
0xd2dc2625079d2eb5d31a03ce2372304a23fb7b42,1,blockchain_unica_ethereum_ponzi,ethereum-ponzi-master/ponzi-addresses.csv
0xd361e374be9e3907fceac60c6ea5cbdce89fc9ae,1,blockchain_unica_ethereum_ponzi,ethereum-ponzi-master/ponzi-addresses.csv
0xd57ad441160865b7393be8c8244a69957dc4d53e,1,blockchain_unica_ethereum_ponzi,ethereum-ponzi-master/ponzi-addresses.csv
0xda922e473796bc372d4a2cb95395ed17af8b309b,1,blockchain_unica_ethereum_ponzi,ethereum-ponzi-master/ponzi-addresses.csv
0xdc84953d7c6448e498eb3c33ab0f815da5d13999,1,blockchain_unica_ethereum_ponzi,ethereum-ponzi-master/ponzi-addresses.csv
0xdcb13fa157eebf22ddc8c9aa1d6e394810de6fa3,1,blockchain_unica_ethereum_ponzi,ethereum-ponzi-master/ponzi-addresses.csv
0xdf05fb3eab68898ec07cadba5849c30fafe9b113,1,blockchain_unica_ethereum_ponzi,ethereum-ponzi-master/ponzi-addresses.csv
0xe1388626c8de5fd7e5683a83d8da6a34153e9b18,1,blockchain_unica_ethereum_ponzi,ethereum-ponzi-master/ponzi-addresses.csv
0xe19e5f100d6a31169b5dca265c9285059c41d4f6,1,blockchain_unica_ethereum_ponzi,ethereum-ponzi-master/ponzi-addresses.csv
0xe4c1c33ed635263c61bf61db751b8a74ee3af0e4,1,blockchain_unica_ethereum_ponzi,ethereum-ponzi-master/ponzi-addresses.csv
0xe6329d65ebcc5cbccdd719d7b18ac9e220dca145,1,blockchain_unica_ethereum_ponzi,ethereum-ponzi-master/ponzi-addresses.csv
0xe7f06e64e0d04c6cfedf7e9079d56d0fb7200a2e,1,blockchain_unica_ethereum_ponzi,ethereum-ponzi-master/ponzi-addresses.csv
0xe82719202e5965cf5d9b6673b7503a3b92de20be,1,blockchain_unica_ethereum_ponzi,ethereum-ponzi-master/ponzi-addresses.csv
0xe861ad00aed0f04b41c675ec1c1493d2ebcbe776,1,blockchain_unica_ethereum_ponzi,ethereum-ponzi-master/ponzi-addresses.csv
0xe8b55deaced913c5c6890331d2926ea0fcbe59ac,1,blockchain_unica_ethereum_ponzi,ethereum-ponzi-master/ponzi-addresses.csv
0xea06c9cb0d69058468387f283e9a3f61c53e3c21,1,blockchain_unica_ethereum_ponzi,ethereum-ponzi-master/ponzi-addresses.csv
0xeacba276ff97853102c3d540b663c08ec7fbe0ed,1,blockchain_unica_ethereum_ponzi,ethereum-ponzi-master/ponzi-addresses.csv
0xebfed9e4ae035b0f7ae982d1a7abfe0aa26a0341,1,blockchain_unica_ethereum_ponzi,ethereum-ponzi-master/ponzi-addresses.csv
0xed41e841ed150f8fb1febc8c443a113c1cd95a1d,1,blockchain_unica_ethereum_ponzi,ethereum-ponzi-master/ponzi-addresses.csv
0xee462a6717f17c57c826f1ad9b4d3813495296c9,1,blockchain_unica_ethereum_ponzi,ethereum-ponzi-master/ponzi-addresses.csv
0xf184279e6d4654890b4410cf300ed55600f018be,1,blockchain_unica_ethereum_ponzi,ethereum-ponzi-master/ponzi-addresses.csv
0xf1aa63ad7a897ca02cab6021513ee0a86820153e,1,blockchain_unica_ethereum_ponzi,ethereum-ponzi-master/ponzi-addresses.csv
0xf1c1648f6f0edbcf7d898441b88e489cfaace11d,1,blockchain_unica_ethereum_ponzi,ethereum-ponzi-master/ponzi-addresses.csv
0xf243688304fa4f6c6efadc22b9c1dd009aa76650,1,blockchain_unica_ethereum_ponzi,ethereum-ponzi-master/ponzi-addresses.csv
0xf45717552f12ef7cb65e95476f217ea008167ae3,1,blockchain_unica_ethereum_ponzi,ethereum-ponzi-master/ponzi-addresses.csv
0xf52ecc525d998eb880911a268b0fa4bc7d69a435,1,blockchain_unica_ethereum_ponzi,ethereum-ponzi-master/ponzi-addresses.csv
0xf7070fc72e2b92c6309785a39338d7c919a3cf4a,1,blockchain_unica_ethereum_ponzi,ethereum-ponzi-master/ponzi-addresses.csv
0xf70ce1be9685b0cfb531bc712d3faace858b5bfb,1,blockchain_unica_ethereum_ponzi,ethereum-ponzi-master/ponzi-addresses.csv
0xf767fca8e65d03fe16d4e38810f5e5376c3372a8,1,blockchain_unica_ethereum_ponzi,ethereum-ponzi-master/ponzi-addresses.csv
0xf77ac34cd0ed42f2b5d8cfcf4fa0f4bb1b80b9d8,1,blockchain_unica_ethereum_ponzi,ethereum-ponzi-master/ponzi-addresses.csv
0xf835b307bc5348194ae01ed729170c84217ba688,1,blockchain_unica_ethereum_ponzi,ethereum-ponzi-master/ponzi-addresses.csv
0xf93ca51746ce6e1cc2485c534eebe71ae987a7ad,1,blockchain_unica_ethereum_ponzi,ethereum-ponzi-master/ponzi-addresses.csv
0xfba6ae30dfe97b20ad9ecccd5057ab3e5a1c41fa,1,blockchain_unica_ethereum_ponzi,ethereum-ponzi-master/ponzi-addresses.csv
0xfd2487cc0e5dce97f08be1bc8ef1dce8d5988b4d,1,blockchain_unica_ethereum_ponzi,ethereum-ponzi-master/ponzi-addresses.csv
0xfe3672eff595cfd36ed05aaf4622d1aec3b5e852,1,blockchain_unica_ethereum_ponzi,ethereum-ponzi-master/ponzi-addresses.csv
0xfe9c69945687539fabbf531133838d9cce522a76,1,blockchain_unica_ethereum_ponzi,ethereum-ponzi-master/ponzi-addresses.csv
0xfeeb8a968f0d7fd58e29fbfc525051f50ee2fedc,1,blockchain_unica_ethereum_ponzi,ethereum-ponzi-master/ponzi-addresses.csv
0xf41624c6465e57a0dca498ef0b62f07cbaab09ca,0,xuyl0104_blockchain_ponzi_detection,non_ponziContracts.csv
0xf77cead5b85f379aa7b9031a842ccd903d7966a7,0,xuyl0104_blockchain_ponzi_detection,non_ponziContracts.csv
0xd759e3a9f425d64c00b20d756b6f7ad6053b99f5,0,xuyl0104_blockchain_ponzi_detection,non_ponziContracts.csv
0x0230cfc895646d34538ae5b684d76bf40a8b8b89,0,xuyl0104_blockchain_ponzi_detection,non_ponziContracts.csv
0x268b7976e94e84a48bf8b2b57ba34b59ed836a74,0,xuyl0104_blockchain_ponzi_detection,non_ponziContracts.csv
0x07e3c70653548b04f0a75970c1f81b4cbbfb606f,0,xuyl0104_blockchain_ponzi_detection,non_ponziContracts.csv
0x2d4b1cc9a2d7417a9689bbcfefb224876cda7923,0,xuyl0104_blockchain_ponzi_detection,non_ponziContracts.csv
0x079b9e911109ee8518a71266feba7cafb748ee5a,0,xuyl0104_blockchain_ponzi_detection,non_ponziContracts.csv
0xd284b7c80ed6cf8430536646066e032a558d48bd,0,xuyl0104_blockchain_ponzi_detection,non_ponziContracts.csv
0x035a401972f228b58dcae76bf318b54ed036d680,0,xuyl0104_blockchain_ponzi_detection,non_ponziContracts.csv
0x67d061904e6e308c4e01b28b72d7fc15dd0d7dd6,0,xuyl0104_blockchain_ponzi_detection,non_ponziContracts.csv
0x96966f00bf7693551e11ed91a904651a1ca66c8e,0,xuyl0104_blockchain_ponzi_detection,non_ponziContracts.csv
0x102580c6308a4ec4708c8241bd29d1c02e1f9a2d,0,xuyl0104_blockchain_ponzi_detection,non_ponziContracts.csv
0x5269d13765ea320a678082fc7335a036bf3b94a7,0,xuyl0104_blockchain_ponzi_detection,non_ponziContracts.csv
0x1d0e79ce3935f2e15b25e1581441b43d8e97db40,0,xuyl0104_blockchain_ponzi_detection,non_ponziContracts.csv
0x1ddefcc0cb8b4a6a20bc97c8cf81123b01288c27,0,xuyl0104_blockchain_ponzi_detection,non_ponziContracts.csv
0x9698ee671bb90728e89a36ab5eb40ef05fc24c6f,0,xuyl0104_blockchain_ponzi_detection,non_ponziContracts.csv
0x9cfce10368a46daabc90fc125dbed71e426bb608,0,xuyl0104_blockchain_ponzi_detection,non_ponziContracts.csv
0x2c974b2d0ba1716e644c1fc59982a89ddd2ff724,0,xuyl0104_blockchain_ponzi_detection,non_ponziContracts.csv
0x91c94bee75786fbbfdcfefba1102b68f48a002f4,0,xuyl0104_blockchain_ponzi_detection,non_ponziContracts.csv
0x9d6039c008e7e553fe76cf52a7d6aaf1bc807a86,0,xuyl0104_blockchain_ponzi_detection,non_ponziContracts.csv
0xaf7aea249098f2c2f50cc11d4000ccf798194373,0,xuyl0104_blockchain_ponzi_detection,non_ponziContracts.csv
0x91c5ac34ba7a2f204c3158fd4614e89cbff34063,0,xuyl0104_blockchain_ponzi_detection,non_ponziContracts.csv
0xb572d10b11b0c2951c8ef566d527f3cd8708d5a2,0,xuyl0104_blockchain_ponzi_detection,non_ponziContracts.csv
0x41cece7e357f332eb9093d13138b02632cf0a3ca,0,xuyl0104_blockchain_ponzi_detection,non_ponziContracts.csv
0x990da731331ae62c3e8f3f73cb4ebeb6f082bc7c,0,xuyl0104_blockchain_ponzi_detection,non_ponziContracts.csv
0x387bcd322bec21d73d7ce1a8eb9a8bfd9c91cc01,0,xuyl0104_blockchain_ponzi_detection,non_ponziContracts.csv
0x855dbeaa408210a21f4826b0309879101109caeb,0,xuyl0104_blockchain_ponzi_detection,non_ponziContracts.csv
0xb078ed7622695b49bdc8d297625d70339548f8d9,0,xuyl0104_blockchain_ponzi_detection,non_ponziContracts.csv
0x8803fb0582b4b4f7028690f9a5b81f14adb473d3,0,xuyl0104_blockchain_ponzi_detection,non_ponziContracts.csv
0x28863b9534af2a4c3d912e9a3b76b0b7b4fe2046,0,xuyl0104_blockchain_ponzi_detection,non_ponziContracts.csv
0x18d70bd7bdfa7e424271fe25b527ee0250db5c90,0,xuyl0104_blockchain_ponzi_detection,non_ponziContracts.csv
0x716525973aa2f59a6bb80b001f089da754b2c3be,0,xuyl0104_blockchain_ponzi_detection,non_ponziContracts.csv
0x8b7b6c61238088593bf75eec8fbf58d0a615d30c,0,xuyl0104_blockchain_ponzi_detection,non_ponziContracts.csv
0xf93843fc86afcaa8479a13ad77fd6e6eec79a903,0,xuyl0104_blockchain_ponzi_detection,non_ponziContracts.csv
0x0d6f4cef46f23877a930c2d782cc275c978bc1ee,0,xuyl0104_blockchain_ponzi_detection,non_ponziContracts.csv
0xf7bd2f34d3be33b09b8e0e05ae0a1773b2a56cdf,0,xuyl0104_blockchain_ponzi_detection,non_ponziContracts.csv
0x12e4303bc6ad8ddb4e3edb3d632f3533261878e0,0,xuyl0104_blockchain_ponzi_detection,non_ponziContracts.csv
0x79a6e552b1bf27fff02f383ae795bd35dd2f3f8c,0,xuyl0104_blockchain_ponzi_detection,non_ponziContracts.csv
0x945d5baf5ab3e8901b7dd6f9ff273a9024cbe0a0,0,xuyl0104_blockchain_ponzi_detection,non_ponziContracts.csv
0xf99f901124cbbe180984a247ba94cfba0c764b2e,0,xuyl0104_blockchain_ponzi_detection,non_ponziContracts.csv
0x45be456a56f6d82175ce7f921954d2451db73161,0,xuyl0104_blockchain_ponzi_detection,non_ponziContracts.csv
0x766706a29923217bad5be36dcc2ba284d157b634,0,xuyl0104_blockchain_ponzi_detection,non_ponziContracts.csv
0xbfd4a3c26996dfc9e85a951eb615aac3b84c758b,0,xuyl0104_blockchain_ponzi_detection,non_ponziContracts.csv
0x749dab228c71e650addba8c9875b842ad460a3c2,0,xuyl0104_blockchain_ponzi_detection,non_ponziContracts.csv
0xd3bf635748f1d0a1063f1120950d4114da382662,0,xuyl0104_blockchain_ponzi_detection,non_ponziContracts.csv
0xb2f7eb1f2c37645be61d73953035360e768d81e6,0,xuyl0104_blockchain_ponzi_detection,non_ponziContracts.csv
0xa7ff20154ffeae7578f3bae615aaf094d39d71cc,0,xuyl0104_blockchain_ponzi_detection,non_ponziContracts.csv
0x88af078337afde014574dbc6027a1db75d629b76,0,xuyl0104_blockchain_ponzi_detection,non_ponziContracts.csv
0x4e29e281ed7bac9c4a3b93f5a2b1b8920916b17e,0,xuyl0104_blockchain_ponzi_detection,non_ponziContracts.csv
0xf8fa1a588cd8cd51c3c4d6dc16d2717f6332e821,0,xuyl0104_blockchain_ponzi_detection,non_ponziContracts.csv
0x0b5f57467db959b959410f83e3810fcfaa592f5b,0,xuyl0104_blockchain_ponzi_detection,non_ponziContracts.csv
0xb2f6ebe8e606e7b18c78b19a3c5969618fa599da,0,xuyl0104_blockchain_ponzi_detection,non_ponziContracts.csv
0xfec0cf7fe078a500abf15f1284958f22049c2c7e,0,xuyl0104_blockchain_ponzi_detection,non_ponziContracts.csv
0x9b60874d7bc4e4fbdd142e0f5a12002e4f7715a6,0,xuyl0104_blockchain_ponzi_detection,non_ponziContracts.csv
0x336f646f87d9f6bc6ed42dd46e8b3fd9dbd15c22,0,xuyl0104_blockchain_ponzi_detection,non_ponziContracts.csv
0x1525938bdd537de47de94a6198eebfa72f66908f,0,xuyl0104_blockchain_ponzi_detection,non_ponziContracts.csv
0x582b2489710a4189ad558b6958641789587fcc27,0,xuyl0104_blockchain_ponzi_detection,non_ponziContracts.csv
0x5745b21f6365b379451f2f327274812d7a5d3d0d,0,xuyl0104_blockchain_ponzi_detection,non_ponziContracts.csv
0xb71cd8f21d5c21edcd113ca2807189ddcaf9dd44,0,xuyl0104_blockchain_ponzi_detection,non_ponziContracts.csv
0xc12cb61701c82e52262f1e795a5d2181fefc4391,0,xuyl0104_blockchain_ponzi_detection,non_ponziContracts.csv
0x07ba910f747b472ba4840c184f6b6e92b0e7495e,0,xuyl0104_blockchain_ponzi_detection,non_ponziContracts.csv
0x92a92648bd788dcaa086773c975d928b4a60a182,0,xuyl0104_blockchain_ponzi_detection,non_ponziContracts.csv
0x974973d316be10725444ef4f6e3bf1eb5e9f6678,0,xuyl0104_blockchain_ponzi_detection,non_ponziContracts.csv
0x7c1d82a70285f11bffe5de9053f93af9d270c411,0,xuyl0104_blockchain_ponzi_detection,non_ponziContracts.csv
0x6fff3806bbac52a20e0d79bc538d527f6a22c96b,0,xuyl0104_blockchain_ponzi_detection,non_ponziContracts.csv
0x0c04d4f331da8df75f9e2e271e3f3f1494c66c36,0,xuyl0104_blockchain_ponzi_detection,non_ponziContracts.csv
0x70da2b13b670ff2a1b45d83550089631aa20e882,0,xuyl0104_blockchain_ponzi_detection,non_ponziContracts.csv
0xfb7c9bd2045cd9129839a70c67aabb0925b1fbe8,0,xuyl0104_blockchain_ponzi_detection,non_ponziContracts.csv
0x5703c635a16abb44465a2d4b25334acaaead1fd6,0,xuyl0104_blockchain_ponzi_detection,non_ponziContracts.csv
0x6527d0fd6df77ed928db32b761b32e9b6e332961,0,xuyl0104_blockchain_ponzi_detection,non_ponziContracts.csv
0xa199f67444e0af1150aecc025242d385ebc37247,0,xuyl0104_blockchain_ponzi_detection,non_ponziContracts.csv
0x7588c48b40a767198f6abc18bc393b719e784230,0,xuyl0104_blockchain_ponzi_detection,non_ponziContracts.csv
0xbe5c4ff568993c713722ed09a9ed4c8fb2e3fb3b,0,xuyl0104_blockchain_ponzi_detection,non_ponziContracts.csv
0xb7b46129c580d8bb4f643ec29130a99e0593a696,0,xuyl0104_blockchain_ponzi_detection,non_ponziContracts.csv
0x36aff6fe8ffe81844bba32427f622af6c47eab66,0,xuyl0104_blockchain_ponzi_detection,non_ponziContracts.csv
0x377dfa7bab23a798ca1fa0923bcd4d4ef2184d85,0,xuyl0104_blockchain_ponzi_detection,non_ponziContracts.csv
0x5ca9a71b1d01849c0a95490cc00559717fcf0d1d,0,xuyl0104_blockchain_ponzi_detection,non_ponziContracts.csv
0xdf4afda78fe045d0cb3cedf8cfb3cc6634ab3250,0,xuyl0104_blockchain_ponzi_detection,non_ponziContracts.csv
0x390365cef67dae207db323496d24f643dd3ae581,0,xuyl0104_blockchain_ponzi_detection,non_ponziContracts.csv
0x17f3699461888bcaf15199cfd5ee84d7d74848d4,0,xuyl0104_blockchain_ponzi_detection,non_ponziContracts.csv
0x9ce6a4dbf61c13e23edf47b41e7a2ba9e525d765,0,xuyl0104_blockchain_ponzi_detection,non_ponziContracts.csv
0xea4a98478457637e5e5bbfecb3f8917cb68885af,0,xuyl0104_blockchain_ponzi_detection,non_ponziContracts.csv
0xafcc79d4cbe7e5b6e6997bbe7233e8e9179f664a,0,xuyl0104_blockchain_ponzi_detection,non_ponziContracts.csv
0x1a41cdcb663cf672fbc6344b851736af2edbe703,0,xuyl0104_blockchain_ponzi_detection,non_ponziContracts.csv
0xd65960facb8e4a2dfcb2c2212cb2e44a02e2a57e,0,xuyl0104_blockchain_ponzi_detection,non_ponziContracts.csv
0x27ba840c2e65d54455434533daade769333f4aff,0,xuyl0104_blockchain_ponzi_detection,non_ponziContracts.csv
0xb0866289e870d2efc282406cf4123df6e5bcb652,0,xuyl0104_blockchain_ponzi_detection,non_ponziContracts.csv
0x2df0e612dad9ffe8141b3987f60608742db2feca,0,xuyl0104_blockchain_ponzi_detection,non_ponziContracts.csv
0x2584f892a2e50b5493ed108fa61888ba373ec02d,0,xuyl0104_blockchain_ponzi_detection,non_ponziContracts.csv
0xbcd4cd3c7048f64bf0ef61cb0220c2ece8db6c35,0,xuyl0104_blockchain_ponzi_detection,non_ponziContracts.csv
0x0961375ed779fe16435d5d430da00a5bac527e46,0,xuyl0104_blockchain_ponzi_detection,non_ponziContracts.csv
0x35d492bee1e166e30ce63eeaec050afd9e7340b2,0,xuyl0104_blockchain_ponzi_detection,non_ponziContracts.csv
0xc2221b777857f4a862a8c528d24b35cc995dd8b1,0,xuyl0104_blockchain_ponzi_detection,non_ponziContracts.csv
0xcdcab3c098870fd305bb415259240a3a3e480d91,0,xuyl0104_blockchain_ponzi_detection,non_ponziContracts.csv
0xa70f9a2b087360ffdc280c94ea676c9bd60c42f8,0,xuyl0104_blockchain_ponzi_detection,non_ponziContracts.csv
0x8a113a57e74aef531bee8de7e16e604916f053ac,0,xuyl0104_blockchain_ponzi_detection,non_ponziContracts.csv
0x303f942c01f3ecb52b60b0a609b853b067d839c0,0,xuyl0104_blockchain_ponzi_detection,non_ponziContracts.csv
0xcebbfe09bab5493714a42de8c3a58fd385ce9c03,0,xuyl0104_blockchain_ponzi_detection,non_ponziContracts.csv
0x427e4f8903ba5bbb08ddc9186da285e6b18da588,0,xuyl0104_blockchain_ponzi_detection,non_ponziContracts.csv
0x046e6bea4d53727ccedc2c252ea61d042ff7aba6,0,xuyl0104_blockchain_ponzi_detection,non_ponziContracts.csv
0x3dd99088eaaaf4dd958899d65c8d1e11d04d3376,0,xuyl0104_blockchain_ponzi_detection,non_ponziContracts.csv
0x2c4d1853a193573876ccfce414e3d9f1687ec917,0,xuyl0104_blockchain_ponzi_detection,non_ponziContracts.csv
0x350791c10c94cbf154c6d1edfd14e09bb46edff5,0,xuyl0104_blockchain_ponzi_detection,non_ponziContracts.csv
0xaef2dd253116e83325ea3dd392c46f1322b53659,0,xuyl0104_blockchain_ponzi_detection,non_ponziContracts.csv
0x0d70db256cae067326eb63c09583afddf75f117b,0,xuyl0104_blockchain_ponzi_detection,non_ponziContracts.csv
0x3a773baa30d09f04da0bd869b142ea5503a31022,0,xuyl0104_blockchain_ponzi_detection,non_ponziContracts.csv
0x41ebb67c868f5f28bcd823ddbf39c0f32b191256,0,xuyl0104_blockchain_ponzi_detection,non_ponziContracts.csv
0x0a61c13945cf8dc008097464534e3b0aeee557d6,0,xuyl0104_blockchain_ponzi_detection,non_ponziContracts.csv
0xd0d9e2d407b726994b202a434e01e714b832153e,0,xuyl0104_blockchain_ponzi_detection,non_ponziContracts.csv
0x1c1aa049d56b7ef02dca61afc4a815e9aa95240b,0,xuyl0104_blockchain_ponzi_detection,non_ponziContracts.csv
0x997a9ad5e6b2cf8841538b95ba8d5c367316eb98,0,xuyl0104_blockchain_ponzi_detection,non_ponziContracts.csv
0xdd8c6e99e8641ed9946e2b4de524e335a9840321,0,xuyl0104_blockchain_ponzi_detection,non_ponziContracts.csv
0xeb4245c88c660ae4ee23c76954e5490ccd7bbd82,0,xuyl0104_blockchain_ponzi_detection,non_ponziContracts.csv
0x9e386da8cdfcf8b9e7490e3f2a4589c570cb2b2f,0,xuyl0104_blockchain_ponzi_detection,non_ponziContracts.csv
0x92a06f3ed11af181d832bb474d017906acb8c299,0,xuyl0104_blockchain_ponzi_detection,non_ponziContracts.csv
0x58978e8caccf56fadaa80ef52f5c684045306839,0,xuyl0104_blockchain_ponzi_detection,non_ponziContracts.csv
0xf2570186500a46986f3139f65afedc2afe4f445d,0,xuyl0104_blockchain_ponzi_detection,non_ponziContracts.csv
0x8a33b0b92c8d9002adc1789d6a10013abfcdd95e,0,xuyl0104_blockchain_ponzi_detection,non_ponziContracts.csv
0x8e1a99d8dbe5687f74c74f18295c4928ce2f676d,0,xuyl0104_blockchain_ponzi_detection,non_ponziContracts.csv
0xdf35d37907d70b896dd602e71b6e22339f0c62d9,0,xuyl0104_blockchain_ponzi_detection,non_ponziContracts.csv
0x6325cff224c4947fd7b4e2e2d29e1a2a5e3fc80f,0,xuyl0104_blockchain_ponzi_detection,non_ponziContracts.csv
0x8a7afe3a6dbf4c29a615758e9a88bc5cea71f0b4,0,xuyl0104_blockchain_ponzi_detection,non_ponziContracts.csv
0xf032a5291ebccfefc2e31a7e156e7f700c8e6d24,0,xuyl0104_blockchain_ponzi_detection,non_ponziContracts.csv
0x22db6364e421579cf8103ad542c47a300c335f5b,0,xuyl0104_blockchain_ponzi_detection,non_ponziContracts.csv
0x3e30261a5fdb7316eecf81b2bbcd7c4978ca8fe0,0,xuyl0104_blockchain_ponzi_detection,non_ponziContracts.csv
0x0c305289f1cffa5f057978c8f1c81af68dd77a88,0,xuyl0104_blockchain_ponzi_detection,non_ponziContracts.csv
0x6c0ddf864186d6f645c1160478a27e3e1263f2f5,0,xuyl0104_blockchain_ponzi_detection,non_ponziContracts.csv
0x962719a9929583d8a5e93968526e3aebd60d420a,0,xuyl0104_blockchain_ponzi_detection,non_ponziContracts.csv
0x23d5df36a4d1851abd65dd64f9e8fc26fb8fbdb9,0,xuyl0104_blockchain_ponzi_detection,non_ponziContracts.csv
0xacd58e576ebe3030805e533872671b281a1ee8fa,0,xuyl0104_blockchain_ponzi_detection,non_ponziContracts.csv
0x7ba0c37745effa1310de5695ab733ff26349d890,0,xuyl0104_blockchain_ponzi_detection,non_ponziContracts.csv
0x08d01228a985b3a86a993342436fcb411b43a312,0,xuyl0104_blockchain_ponzi_detection,non_ponziContracts.csv
0xae592333a0584b4e601bde467a77d14364a9ef08,0,xuyl0104_blockchain_ponzi_detection,non_ponziContracts.csv
0x417bc80bdea792de29dd34afab9f816a2318ea9e,0,xuyl0104_blockchain_ponzi_detection,non_ponziContracts.csv
0xe82180c13c4f7adaeca8acfa24d08e844ccb611e,0,xuyl0104_blockchain_ponzi_detection,non_ponziContracts.csv
0x9727be2e5eacce162fae9236a2c7b6cd826fac02,0,xuyl0104_blockchain_ponzi_detection,non_ponziContracts.csv
0xa35aee643f9c74bcae34960b8e4ec7b478da5fd4,0,xuyl0104_blockchain_ponzi_detection,non_ponziContracts.csv
0x0c571ac8537713d388781c30f4f925f2f18d46f3,0,xuyl0104_blockchain_ponzi_detection,non_ponziContracts.csv
0x64b91ccc04b71c89d38124d1e3b412f8f917be2f,0,xuyl0104_blockchain_ponzi_detection,non_ponziContracts.csv
0xe3ef1f1784ac64de052faa7cae038abdc59e9c73,0,xuyl0104_blockchain_ponzi_detection,non_ponziContracts.csv
0x658aae60865b3438205f073d58d0a34a6ea05573,0,xuyl0104_blockchain_ponzi_detection,non_ponziContracts.csv
0xb27fb8de974414142e7f3e2b60b6920462f2f78e,0,xuyl0104_blockchain_ponzi_detection,non_ponziContracts.csv
0xe667ee64fca09f2c4a36af46397537edf8382c80,0,xuyl0104_blockchain_ponzi_detection,non_ponziContracts.csv
0xfed8dfb896ff7081851c56a2652240568d2c513f,0,xuyl0104_blockchain_ponzi_detection,non_ponziContracts.csv
0x2770ad33f5798542de5de4bc8beae3fadb8de1e5,0,xuyl0104_blockchain_ponzi_detection,non_ponziContracts.csv
0xd939cdb6b110c96b1758adab5cab1e836ddbdd2b,0,xuyl0104_blockchain_ponzi_detection,non_ponziContracts.csv
0xd92d62ce8504e5c61aa17d9a9b13c65dbd77c268,0,xuyl0104_blockchain_ponzi_detection,non_ponziContracts.csv
0x36cda1038a9556ebe626bcd7bab4e46f38d896ec,0,xuyl0104_blockchain_ponzi_detection,non_ponziContracts.csv
0xa1c4375fec1a157c11dfebea7ad709fab57f7d3c,0,xuyl0104_blockchain_ponzi_detection,non_ponziContracts.csv
0x48946d2452e72103703ad5317c9fa7b3a3d9b5a8,0,xuyl0104_blockchain_ponzi_detection,non_ponziContracts.csv
0xcc88937f325d1c6b97da0afdbb4ca542efa70870,0,xuyl0104_blockchain_ponzi_detection,non_ponziContracts.csv
0x8a754e689f2fcba0c900028fa235043b595c994d,0,xuyl0104_blockchain_ponzi_detection,non_ponziContracts.csv
0x7cbb6bf92a288fa3e28cb32a60e4cc0c88d8f2bf,0,xuyl0104_blockchain_ponzi_detection,non_ponziContracts.csv
0x980f4331c1d4188d4cf876bef10fe946de70478d,0,xuyl0104_blockchain_ponzi_detection,non_ponziContracts.csv
0xd040c29b8af036a502ef012cc49e37a160f251ec,0,xuyl0104_blockchain_ponzi_detection,non_ponziContracts.csv
0xddaaf8c81a16719a9637a2e110af4c25612587c4,0,xuyl0104_blockchain_ponzi_detection,non_ponziContracts.csv
0x6bce536e0a938dc19dbcbb045b46b93c3d13620b,0,xuyl0104_blockchain_ponzi_detection,non_ponziContracts.csv
0xc352add7ad8cac8baa839d8c88e7e9d7df9a219b,0,xuyl0104_blockchain_ponzi_detection,non_ponziContracts.csv
0x207ff240d2f5baaefce160785f38ebd5d7bbdce4,0,xuyl0104_blockchain_ponzi_detection,non_ponziContracts.csv
0x33fe0408a1cf345dc14f3a6144ed22847a186964,0,xuyl0104_blockchain_ponzi_detection,non_ponziContracts.csv
0xe2b7d18eb4a6358b78483ff095408f240a96596e,0,xuyl0104_blockchain_ponzi_detection,non_ponziContracts.csv
0x57e7d2eb31a54f3d661de5a29114ff16f1295991,0,xuyl0104_blockchain_ponzi_detection,non_ponziContracts.csv
0xd09b6e3c8fb7e05e248197ec45c38cd338d66c1a,0,xuyl0104_blockchain_ponzi_detection,non_ponziContracts.csv
0x126799e70341c54203d241c92c1f511dbe75aded,0,xuyl0104_blockchain_ponzi_detection,non_ponziContracts.csv
0x9ffe3a0864cce4995a6b385b99de3644cc8d2483,0,xuyl0104_blockchain_ponzi_detection,non_ponziContracts.csv
0xcabee6c73250495fc7da131ee93b819be294f6e0,0,xuyl0104_blockchain_ponzi_detection,non_ponziContracts.csv
0x18aa6e402a0aa22b7f61a5ace68fddc629fe44ec,0,xuyl0104_blockchain_ponzi_detection,non_ponziContracts.csv
0x8ca30dc0c82128e53dbda143f511e6bdfa42e997,0,xuyl0104_blockchain_ponzi_detection,non_ponziContracts.csv
0xc8c6a31a4a806d3710a7b38b7b296d2fabccdba8,0,xuyl0104_blockchain_ponzi_detection,non_ponziContracts.csv
0x898bf39cd67658bd63577fb00a2a3571daecbc53,0,xuyl0104_blockchain_ponzi_detection,non_ponziContracts.csv
0x75d34b30a9a2405b7e2bbff94badcc0ce6c934ad,0,xuyl0104_blockchain_ponzi_detection,non_ponziContracts.csv
0x954878c70dbbd09dba501efca4c6b6e1f70067a3,0,xuyl0104_blockchain_ponzi_detection,non_ponziContracts.csv
0x02b97cca6d6a5227e464b2a60ee1a580ea4f7da9,0,xuyl0104_blockchain_ponzi_detection,non_ponziContracts.csv
0xf16d5733a31d54e828460afbf7d60aa803a61c51,0,xuyl0104_blockchain_ponzi_detection,non_ponziContracts.csv
0xb3c2373cdf4d6f15a907902bebb0396db9a10285,0,xuyl0104_blockchain_ponzi_detection,non_ponziContracts.csv
0x540e5fff293f523acd26291b5bc7ac5713991feb,0,xuyl0104_blockchain_ponzi_detection,non_ponziContracts.csv
0x78b7fada55a64dd895d8c8c35779dd8b67fa8a05,0,xuyl0104_blockchain_ponzi_detection,non_ponziContracts.csv
0xf46ede17c0bab20d87cd079a2632f71433a407b9,0,xuyl0104_blockchain_ponzi_detection,non_ponziContracts.csv
0x1939f518ff3b24aa728e023ba4991e282f80b466,0,xuyl0104_blockchain_ponzi_detection,non_ponziContracts.csv
0x7ae79d424b81081990870ce6c606ca762db67676,0,xuyl0104_blockchain_ponzi_detection,non_ponziContracts.csv
0x86667bfafadef8f169b6e2908f29b344b98cdd3a,0,xuyl0104_blockchain_ponzi_detection,non_ponziContracts.csv
0xa7f976c360ebbed4465c2855684d1aae5271efa9,0,xuyl0104_blockchain_ponzi_detection,non_ponziContracts.csv
0xdaff1f98299b12d475b4725a2635e5ba291aa651,0,xuyl0104_blockchain_ponzi_detection,non_ponziContracts.csv
0x86d2c3315b2a087dd492feaf25aed5640bda6a53,0,xuyl0104_blockchain_ponzi_detection,non_ponziContracts.csv
0xaf4dce16da2877f8c9e00544c93b62ac40631f16,0,xuyl0104_blockchain_ponzi_detection,non_ponziContracts.csv
0x741fc999f5b62c80831cf659aed04c64ac8ef24e,0,xuyl0104_blockchain_ponzi_detection,non_ponziContracts.csv
0xe06eda7435ba749b047380ced49121dde93334ae,0,xuyl0104_blockchain_ponzi_detection,non_ponziContracts.csv
0x0a7458ee9ba969ea5959f656047085d7e99dd3dc,0,xuyl0104_blockchain_ponzi_detection,non_ponziContracts.csv
0x6afd9628ef194f2365f6de9c8cee8938dfd936ed,0,xuyl0104_blockchain_ponzi_detection,non_ponziContracts.csv
0x5b5d8a8a732a3c73ff0fb6980880ef399ecaf72e,0,xuyl0104_blockchain_ponzi_detection,non_ponziContracts.csv
0x4bf39e0e3bf4097564ec41ccc26cbf3da3a7417a,0,xuyl0104_blockchain_ponzi_detection,non_ponziContracts.csv
0x8e911d478da4f4ddc3a6dd76b3fcdd69ebbcf338,0,xuyl0104_blockchain_ponzi_detection,non_ponziContracts.csv
0xaad00f5dc5a76a9fa9060cd3cdfce9bfbe0e5e81,0,xuyl0104_blockchain_ponzi_detection,non_ponziContracts.csv
0xf014581e9d5907817d5a85055793a94cb66a909e,0,xuyl0104_blockchain_ponzi_detection,non_ponziContracts.csv
0x0b5cba1bc5ec084e82fadc4e2c3a43a94660b6c4,0,xuyl0104_blockchain_ponzi_detection,non_ponziContracts.csv
0x820b5d21d1b1125b1aad51951f6e032a07caec65,0,xuyl0104_blockchain_ponzi_detection,non_ponziContracts.csv
0x7e0949df59f3e71b22c409a97887adf970fc011b,0,xuyl0104_blockchain_ponzi_detection,non_ponziContracts.csv
0x06cda3b81bcc049c6e379ab394adb851d2844c31,0,xuyl0104_blockchain_ponzi_detection,non_ponziContracts.csv
0x9a7a4ea93ce5a9129d754b7dbeb3a3968939d6b3,0,xuyl0104_blockchain_ponzi_detection,non_ponziContracts.csv
